===,EVENT_SEQ,EVENT_TYPE,RANK,TIME,DURATION,ITER,MEM,NET,EXTRA
===,0,INIT-START,0,0.000223,0.000000,0,8060.000000,0.000000, ===
===,1,INIT-STOP,0,0.001907,0.000000,0,8680.000000,0.000000, ===
===,2,INIT,0,0.001949,0.001796,0,8680.000000,0.000000, ===
===,3,ITER,0,0.001994,0.000000,1,8684.000000,0.000000, ===
===,4,FAILURE-CHECK-START,0,0.002036,0.000000,1,8684.000000,0.000000, ===
===,5,FAILURE-CHECK-STOP,0,0.003874,0.000000,1,8736.000000,0.000000, ===
===,6,FAILURE-CHECK,0,0.004021,0.002005,1,8736.000000,0.000000, ===
===,7,CHECKPOINT-START,0,0.004066,0.000000,1,8736.000000,0.000000, ===
===,8,CHECKPOINT-PRE-NEW,0,0.004099,0.000000,1,8736.000000,0.000000, ===
===,9,CHECKPOINT-POST-NEW,0,0.039782,0.000000,1,12992.000000,1023.781250, ===
===,10,CHECKPOINT-STOP,0,0.039846,0.000000,1,12992.000000,1023.781250, ===
===,11,CHECKPOINT,0,0.039878,0.035836,1,12992.000000,1023.781250, ===
===,12,ITER,0,0.046256,0.000000,2,13564.000000,1032.289062, ===
===,13,ITER,0,0.050844,0.000000,3,14108.000000,1040.796875, ===
===,14,ITER,0,0.054966,0.000000,4,14108.000000,1049.304688, ===
===,15,ITER,0,0.057541,0.000000,5,14116.000000,1057.812500, ===
===,16,ITER,0,0.060087,0.000000,6,14120.000000,1066.320312, ===
===,17,ITER,0,0.062615,0.000000,7,14140.000000,1074.828125, ===
===,18,ITER,0,0.064897,0.000000,8,14140.000000,1083.335938, ===
===,19,ITER,0,0.067443,0.000000,9,14140.000000,1091.843750, ===
===,20,ITER,0,0.069645,0.000000,10,14144.000000,1100.351562, ===
===,21,ITER,0,0.072346,0.000000,11,14156.000000,1108.859375, ===
===,22,FAILURE-CHECK-START,0,0.072470,0.000000,11,14156.000000,1108.859375, ===
===,23,FAILURE-CHECK-STOP,0,0.072651,0.000000,11,14156.000000,1108.859375, ===
===,24,FAILURE-CHECK,0,0.072722,0.000356,11,14156.000000,1108.859375, ===
===,25,CHECKPOINT-START,0,0.072766,0.000000,11,14156.000000,1108.859375, ===
===,26,CHECKPOINT-PRE-NEW,0,0.072818,0.000000,11,14156.000000,85.078125, ===
===,27,CHECKPOINT-POST-NEW,0,0.107718,0.000000,11,19608.000000,1108.859375, ===
===,28,CHECKPOINT-STOP,0,0.107808,0.000000,11,19608.000000,1108.859375, ===
===,29,CHECKPOINT,0,0.107853,0.035111,11,19608.000000,1108.859375, ===
===,30,ITER,0,0.110355,0.000000,12,19612.000000,1117.367188, ===
===,31,ITER,0,0.112753,0.000000,13,19612.000000,1125.875000, ===
===,32,ITER,0,0.115132,0.000000,14,19616.000000,1134.382812, ===
===,33,ITER,0,0.117547,0.000000,15,19624.000000,1142.890625, ===
===,34,ITER,0,0.119852,0.000000,16,19628.000000,1151.398438, ===
===,35,ITER,0,0.122192,0.000000,17,19636.000000,1159.906250, ===
===,36,ITER,0,0.124518,0.000000,18,19636.000000,1168.414062, ===
===,37,ITER,0,0.127048,0.000000,19,19636.000000,1176.921875, ===
===,38,ITER,0,0.129511,0.000000,20,19636.000000,1185.429688, ===
===,39,ITER,0,0.131884,0.000000,21,19636.000000,1193.937500, ===
===,40,FAILURE-CHECK-START,0,0.131927,0.000000,21,19636.000000,1193.937500, ===
===,41,FAILURE-CHECK-STOP,0,0.132084,0.000000,21,19636.000000,1193.937500, ===
===,42,FAILURE-CHECK,0,0.132124,0.000223,21,19636.000000,1193.937500, ===
===,43,CHECKPOINT-START,0,0.132166,0.000000,21,19636.000000,1193.937500, ===
===,44,CHECKPOINT-PRE-NEW,0,0.132208,0.000000,21,19636.000000,170.156250, ===
===,45,CHECKPOINT-POST-NEW,0,0.152894,0.000000,21,23548.000000,1193.937500, ===
===,46,CHECKPOINT-STOP,0,0.152952,0.000000,21,23548.000000,1193.937500, ===
===,47,CHECKPOINT,0,0.152988,0.020846,21,23548.000000,1193.937500, ===
===,48,ITER,0,0.155098,0.000000,22,23548.000000,1202.445312, ===
===,49,ITER,0,0.157397,0.000000,23,23548.000000,1210.953125, ===
===,50,ITER,0,0.159978,0.000000,24,23548.000000,1219.460938, ===
===,51,ITER,0,0.162693,0.000000,25,23552.000000,1227.968750, ===
===,52,ITER,0,0.165074,0.000000,26,23552.000000,1236.476562, ===
===,53,ITER,0,0.167508,0.000000,27,23552.000000,1244.984375, ===
===,54,ITER,0,0.170141,0.000000,28,23556.000000,1253.492188, ===
===,55,ITER,0,0.172485,0.000000,29,23556.000000,1262.000000, ===
===,56,ITER,0,0.175063,0.000000,30,23556.000000,1270.507812, ===
===,57,COMM-ERROR,0,0.185211,0.000000,30,23576.000000,1270.507812, ===
===,58,COMM-ERROR,0,0.185970,0.000000,30,23580.000000,1270.507812, ===
===,59,COMM-ERROR,0,0.187780,0.000000,30,23580.000000,1279.007812, ===
===,60,ITER,0,0.187854,0.000000,31,23580.000000,1279.015625, ===
===,61,FAILURE-CHECK-START,0,0.187894,0.000000,31,23580.000000,1279.015625, ===
===,62,FAILURE-CHECK-STOP,0,0.188700,0.000000,31,23580.000000,1279.015625, ===
===,63,FAILURE-CHECK,0,0.188845,0.000972,31,23580.000000,1279.015625, ===
===,64,FAILURE-DETECT,0,0.188892,0.000000,31,23580.000000,1279.015625, ===
===,65,RESTORE-START,0,0.193190,0.000000,31,23580.000000,1279.015625, ===
===,66,RESTORE-STOP,0,0.196555,0.000000,31,23908.000000,2204.890625, ===
===,67,RESTORE,0,0.196598,0.003815,31,23908.000000,2204.890625, ===
===,68,CHECKPOINT-START,0,0.196644,0.000000,31,23908.000000,2204.890625, ===
===,69,CHECKPOINT-PRE-NEW,0,0.196689,0.000000,31,23908.000000,255.234375, ===
===,70,CHECKPOINT-POST-NEW,0,0.225642,0.000000,31,27308.000000,1424.328125, ===
===,71,CHECKPOINT-STOP,0,0.225716,0.000000,31,27308.000000,1424.328125, ===
===,72,CHECKPOINT,0,0.225758,0.029139,31,27308.000000,1424.328125, ===
===,73,ITER,0,0.227610,0.000000,22,27316.000000,1432.953125, ===
===,74,ITER,0,0.229600,0.000000,23,27324.000000,1441.578125, ===
===,75,ITER,0,0.231240,0.000000,24,27324.000000,1450.203125, ===
===,76,ITER,0,0.233027,0.000000,25,27324.000000,1458.828125, ===
===,77,ITER,0,0.235679,0.000000,26,27324.000000,1467.453125, ===
===,78,ITER,0,0.237490,0.000000,27,27328.000000,1476.078125, ===
===,79,ITER,0,0.239071,0.000000,28,27328.000000,1484.703125, ===
===,80,ITER,0,0.241152,0.000000,29,27328.000000,1493.328125, ===
===,81,ITER,0,0.243036,0.000000,30,27328.000000,1501.953125, ===
===,82,ITER,0,0.244726,0.000000,31,27328.000000,1510.578125, ===
===,83,FAILURE-CHECK-START,0,0.244773,0.000000,31,27328.000000,1510.578125, ===
===,84,FAILURE-CHECK-STOP,0,0.244940,0.000000,31,27328.000000,1510.578125, ===
===,85,FAILURE-CHECK,0,0.244979,0.000235,31,27328.000000,1510.578125, ===
===,86,CHECKPOINT-START,0,0.245019,0.000000,31,27328.000000,1510.578125, ===
===,87,CHECKPOINT-PRE-NEW,0,0.245062,0.000000,31,27328.000000,341.484375, ===
===,88,CHECKPOINT-POST-NEW,0,0.271713,0.000000,31,31536.000000,1510.578125, ===
===,89,CHECKPOINT-STOP,0,0.271775,0.000000,31,31536.000000,1510.578125, ===
===,90,CHECKPOINT,0,0.271811,0.026814,31,31536.000000,1510.578125, ===
===,91,ITER,0,0.274451,0.000000,32,31536.000000,1519.203125, ===
===,92,ITER,0,0.276351,0.000000,33,31536.000000,1527.828125, ===
===,93,ITER,0,0.278848,0.000000,34,31536.000000,1536.453125, ===
===,94,ITER,0,0.281490,0.000000,35,31536.000000,1545.078125, ===
===,95,ITER,0,0.284001,0.000000,36,31536.000000,1553.703125, ===
===,96,ITER,0,0.286421,0.000000,37,31536.000000,1562.328125, ===
===,97,ITER,0,0.288093,0.000000,38,31536.000000,1570.953125, ===
===,98,ITER,0,0.290642,0.000000,39,31536.000000,1579.578125, ===
===,99,ITER,0,0.293554,0.000000,40,31536.000000,1588.203125, ===
===,100,ITER,0,0.296175,0.000000,41,31536.000000,1596.828125, ===
===,101,FAILURE-CHECK-START,0,0.296216,0.000000,41,31536.000000,1596.828125, ===
===,102,FAILURE-CHECK-STOP,0,0.296267,0.000000,41,31536.000000,1596.828125, ===
===,103,FAILURE-CHECK,0,0.296303,0.000111,41,31536.000000,1596.828125, ===
===,104,CHECKPOINT-START,0,0.296353,0.000000,41,31536.000000,1596.828125, ===
===,105,CHECKPOINT-PRE-NEW,0,0.296416,0.000000,41,31536.000000,427.734375, ===
===,106,CHECKPOINT-POST-NEW,0,0.317694,0.000000,41,34936.000000,1596.828125, ===
===,107,CHECKPOINT-STOP,0,0.317747,0.000000,41,34936.000000,1596.828125, ===
===,108,CHECKPOINT,0,0.317786,0.021465,41,34936.000000,1596.828125, ===
===,109,ITER,0,0.320524,0.000000,42,34936.000000,1605.453125, ===
===,110,ITER,0,0.323444,0.000000,43,34936.000000,1614.078125, ===
===,111,ITER,0,0.326088,0.000000,44,34936.000000,1622.703125, ===
===,112,ITER,0,0.328866,0.000000,45,34936.000000,1631.328125, ===
===,113,ITER,0,0.331529,0.000000,46,34936.000000,1639.953125, ===
===,114,ITER,0,0.334628,0.000000,47,34936.000000,1648.578125, ===
===,115,ITER,0,0.336663,0.000000,48,34936.000000,1657.203125, ===
===,116,ITER,0,0.339008,0.000000,49,34936.000000,1665.828125, ===
===,117,ITER,0,0.341244,0.000000,50,34936.000000,1674.453125, ===
===,118,FINALIZE-START,0,0.343657,0.000000,50,34936.000000,1683.078125, ===
===,119,FINALIZE-STOP,0,0.365165,0.000000,50,31928.000000,1683.078125, ===
===,120,FINALIZE,0,0.365214,0.021611,50,31928.000000,1683.078125, ===
===,0,INIT-START,1,0.000344,0.000000,0,8032.000000,0.000000, ===
===,1,INIT-STOP,1,0.001675,0.000000,0,8672.000000,0.000000, ===
===,2,INIT,1,0.001733,0.001651,0,8672.000000,0.000000, ===
===,3,ITER,1,0.001778,0.000000,1,8676.000000,0.000000, ===
===,4,FAILURE-CHECK-START,1,0.001818,0.000000,1,8676.000000,0.000000, ===
===,5,FAILURE-CHECK-STOP,1,0.003541,0.000000,1,8732.000000,0.000000, ===
===,6,FAILURE-CHECK,1,0.003687,0.001891,1,8732.000000,0.000000, ===
===,7,CHECKPOINT-START,1,0.003732,0.000000,1,8732.000000,0.000000, ===
===,8,CHECKPOINT-PRE-NEW,1,0.004062,0.000000,1,8732.000000,0.000000, ===
===,9,CHECKPOINT-POST-NEW,1,0.013404,0.000000,1,10100.000000,1023.781250, ===
===,10,CHECKPOINT-STOP,1,0.013476,0.000000,1,10100.000000,1023.781250, ===
===,11,CHECKPOINT,1,0.013512,0.009804,1,10100.000000,1023.781250, ===
===,12,ITER,1,0.046546,0.000000,2,10740.000000,1037.960938, ===
===,13,ITER,1,0.051574,0.000000,3,11312.000000,1052.140625, ===
===,14,ITER,1,0.055104,0.000000,4,11316.000000,1066.320312, ===
===,15,ITER,1,0.057496,0.000000,5,11320.000000,1080.500000, ===
===,16,ITER,1,0.060075,0.000000,6,11328.000000,1094.679688, ===
===,17,ITER,1,0.062483,0.000000,7,11336.000000,1108.859375, ===
===,18,ITER,1,0.064786,0.000000,8,11340.000000,1123.039062, ===
===,19,ITER,1,0.067319,0.000000,9,11344.000000,1137.218750, ===
===,20,ITER,1,0.069647,0.000000,10,11348.000000,1151.398438, ===
===,21,ITER,1,0.072499,0.000000,11,11360.000000,1165.578125, ===
===,22,FAILURE-CHECK-START,1,0.072568,0.000000,11,11360.000000,1165.578125, ===
===,23,FAILURE-CHECK-STOP,1,0.072652,0.000000,11,11360.000000,1165.578125, ===
===,24,FAILURE-CHECK,1,0.076488,0.003964,11,11360.000000,1165.578125, ===
===,25,CHECKPOINT-START,1,0.076550,0.000000,11,11360.000000,1165.578125, ===
===,26,CHECKPOINT-PRE-NEW,1,0.076596,0.000000,11,11360.000000,141.796875, ===
===,27,CHECKPOINT-POST-NEW,1,0.083410,0.000000,11,13904.000000,1165.578125, ===
===,28,CHECKPOINT-STOP,1,0.083483,0.000000,11,13904.000000,1165.578125, ===
===,29,CHECKPOINT,1,0.083528,0.007014,11,13904.000000,1165.578125, ===
===,30,ITER,1,0.110438,0.000000,12,13904.000000,1179.757812, ===
===,31,ITER,1,0.112737,0.000000,13,13908.000000,1193.937500, ===
===,32,ITER,1,0.115137,0.000000,14,13916.000000,1208.117188, ===
===,33,ITER,1,0.117557,0.000000,15,13928.000000,1222.296875, ===
===,34,ITER,1,0.119885,0.000000,16,13928.000000,1236.476562, ===
===,35,ITER,1,0.122161,0.000000,17,13936.000000,1250.656250, ===
===,36,ITER,1,0.124523,0.000000,18,13940.000000,1264.835938, ===
===,37,ITER,1,0.127091,0.000000,19,13940.000000,1279.015625, ===
===,38,ITER,1,0.129632,0.000000,20,13940.000000,1293.195312, ===
===,39,ITER,1,0.131898,0.000000,21,13940.000000,1307.375000, ===
===,40,FAILURE-CHECK-START,1,0.131944,0.000000,21,13940.000000,1307.375000, ===
===,41,FAILURE-CHECK-STOP,1,0.132086,0.000000,21,13940.000000,1307.375000, ===
===,42,FAILURE-CHECK,1,0.132122,0.000204,21,13940.000000,1307.375000, ===
===,43,CHECKPOINT-START,1,0.132163,0.000000,21,13940.000000,1307.375000, ===
===,44,CHECKPOINT-PRE-NEW,1,0.132200,0.000000,21,13940.000000,283.593750, ===
===,45,CHECKPOINT-POST-NEW,1,0.135986,0.000000,21,14964.000000,1307.375000, ===
===,46,CHECKPOINT-STOP,1,0.136038,0.000000,21,14964.000000,1307.375000, ===
===,47,CHECKPOINT,1,0.136075,0.003935,21,14964.000000,1307.375000, ===
===,48,ITER,1,0.155071,0.000000,22,14964.000000,1321.554688, ===
===,49,ITER,1,0.157448,0.000000,23,14964.000000,1335.734375, ===
===,50,ITER,1,0.159852,0.000000,24,14964.000000,1349.914062, ===
===,51,ITER,1,0.162543,0.000000,25,14972.000000,1364.093750, ===
===,52,ITER,1,0.165049,0.000000,26,14972.000000,1378.273438, ===
===,53,ITER,1,0.167514,0.000000,27,14972.000000,1392.453125, ===
===,54,ITER,1,0.170082,0.000000,28,14980.000000,1406.632812, ===
===,55,ITER,1,0.172296,0.000000,29,14980.000000,1420.812500, ===
===,56,ITER,1,0.175060,0.000000,30,14980.000000,1434.992188, ===
===,57,FAILURE-GENERATE,1,0.175114,0.000000,30,14980.000000,1434.992188, ===
===,0,INIT-START,2,0.000215,0.000000,0,8040.000000,0.000000, ===
===,1,INIT-STOP,2,0.001474,0.000000,0,8680.000000,0.000000, ===
===,2,INIT,2,0.001518,0.001437,0,8680.000000,0.000000, ===
===,3,ITER,2,0.001563,0.000000,1,8684.000000,0.000000, ===
===,4,FAILURE-CHECK-START,2,0.001607,0.000000,1,8684.000000,0.000000, ===
===,5,FAILURE-CHECK-STOP,2,0.005409,0.000000,1,8740.000000,0.000000, ===
===,6,FAILURE-CHECK,2,0.005495,0.003913,1,8740.000000,0.000000, ===
===,7,CHECKPOINT-START,2,0.005571,0.000000,1,8740.000000,0.000000, ===
===,8,CHECKPOINT-PRE-NEW,2,0.005605,0.000000,1,8740.000000,0.000000, ===
===,9,CHECKPOINT-POST-NEW,2,0.018229,0.000000,1,11132.000000,1023.781250, ===
===,10,CHECKPOINT-STOP,2,0.018288,0.000000,1,11132.000000,1023.781250, ===
===,11,CHECKPOINT,2,0.018322,0.012784,1,11132.000000,1023.781250, ===
===,12,ITER,2,0.046636,0.000000,2,11720.000000,1032.289062, ===
===,13,ITER,2,0.051813,0.000000,3,12264.000000,1040.796875, ===
===,14,ITER,2,0.055167,0.000000,4,12264.000000,1049.304688, ===
===,15,ITER,2,0.057629,0.000000,5,12264.000000,1057.812500, ===
===,16,ITER,2,0.060180,0.000000,6,12264.000000,1066.320312, ===
===,17,ITER,2,0.062598,0.000000,7,12276.000000,1074.828125, ===
===,18,ITER,2,0.064842,0.000000,8,12276.000000,1083.335938, ===
===,19,ITER,2,0.067302,0.000000,9,12276.000000,1091.843750, ===
===,20,ITER,2,0.069941,0.000000,10,12284.000000,1100.351562, ===
===,21,ITER,2,0.072243,0.000000,11,12296.000000,1108.859375, ===
===,22,FAILURE-CHECK-START,2,0.072288,0.000000,11,12296.000000,1108.859375, ===
===,23,FAILURE-CHECK-STOP,2,0.074685,0.000000,11,12296.000000,1108.859375, ===
===,24,FAILURE-CHECK,2,0.074919,0.002655,11,12296.000000,1108.859375, ===
===,25,CHECKPOINT-START,2,0.074964,0.000000,11,12296.000000,1108.859375, ===
===,26,CHECKPOINT-PRE-NEW,2,0.075008,0.000000,11,12296.000000,85.078125, ===
===,27,CHECKPOINT-POST-NEW,2,0.087694,0.000000,11,15872.000000,1108.859375, ===
===,28,CHECKPOINT-STOP,2,0.087757,0.000000,11,15872.000000,1108.859375, ===
===,29,CHECKPOINT,2,0.087796,0.012857,11,15872.000000,1108.859375, ===
===,30,ITER,2,0.110455,0.000000,12,15884.000000,1117.367188, ===
===,31,ITER,2,0.112723,0.000000,13,15884.000000,1125.875000, ===
===,32,ITER,2,0.115136,0.000000,14,15884.000000,1134.382812, ===
===,33,ITER,2,0.117673,0.000000,15,15888.000000,1142.890625, ===
===,34,ITER,2,0.119883,0.000000,16,15892.000000,1151.398438, ===
===,35,ITER,2,0.122131,0.000000,17,15892.000000,1159.906250, ===
===,36,ITER,2,0.124510,0.000000,18,15892.000000,1168.414062, ===
===,37,ITER,2,0.127051,0.000000,19,15892.000000,1176.921875, ===
===,38,ITER,2,0.129490,0.000000,20,15892.000000,1185.429688, ===
===,39,ITER,2,0.131868,0.000000,21,15892.000000,1193.937500, ===
===,40,FAILURE-CHECK-START,2,0.131917,0.000000,21,15892.000000,1193.937500, ===
===,41,FAILURE-CHECK-STOP,2,0.132095,0.000000,21,15892.000000,1193.937500, ===
===,42,FAILURE-CHECK,2,0.132137,0.000249,21,15892.000000,1193.937500, ===
===,43,CHECKPOINT-START,2,0.132182,0.000000,21,15892.000000,1193.937500, ===
===,44,CHECKPOINT-PRE-NEW,2,0.132221,0.000000,21,15892.000000,170.156250, ===
===,45,CHECKPOINT-POST-NEW,2,0.140563,0.000000,21,17940.000000,1193.937500, ===
===,46,CHECKPOINT-STOP,2,0.140616,0.000000,21,17940.000000,1193.937500, ===
===,47,CHECKPOINT,2,0.140654,0.008496,21,17940.000000,1193.937500, ===
===,48,ITER,2,0.155175,0.000000,22,17940.000000,1202.445312, ===
===,49,ITER,2,0.157414,0.000000,23,17940.000000,1210.953125, ===
===,50,ITER,2,0.159891,0.000000,24,17940.000000,1219.460938, ===
===,51,ITER,2,0.162539,0.000000,25,17944.000000,1227.968750, ===
===,52,ITER,2,0.164992,0.000000,26,17944.000000,1236.476562, ===
===,53,ITER,2,0.167431,0.000000,27,17944.000000,1244.984375, ===
===,54,ITER,2,0.170086,0.000000,28,17944.000000,1253.492188, ===
===,55,ITER,2,0.172377,0.000000,29,17944.000000,1262.000000, ===
===,56,ITER,2,0.175063,0.000000,30,17944.000000,1270.507812, ===
===,57,COMM-ERROR,2,0.184352,0.000000,30,17968.000000,1270.507812, ===
===,58,COMM-ERROR,2,0.187102,0.000000,30,17968.000000,1279.007812, ===
===,59,ITER,2,0.187174,0.000000,31,17968.000000,1279.015625, ===
===,60,FAILURE-CHECK-START,2,0.187247,0.000000,31,17968.000000,1279.015625, ===
===,61,FAILURE-CHECK-STOP,2,0.188861,0.000000,31,17968.000000,1279.015625, ===
===,62,FAILURE-CHECK,2,0.188910,0.001720,31,17968.000000,1279.015625, ===
===,63,FAILURE-DETECT,2,0.188946,0.000000,31,17968.000000,1279.015625, ===
===,64,RESTORE-START,2,0.193237,0.000000,31,17968.000000,1279.015625, ===
===,65,RESTORE-STOP,2,0.196882,0.000000,31,18732.000000,2303.203125, ===
===,66,RESTORE,2,0.196923,0.004137,31,18732.000000,2303.203125, ===
===,67,CHECKPOINT-START,2,0.196965,0.000000,31,18732.000000,2303.203125, ===
===,68,CHECKPOINT-PRE-NEW,2,0.197004,0.000000,31,18732.000000,255.234375, ===
===,69,CHECKPOINT-POST-NEW,2,0.204492,0.000000,31,19932.000000,1422.578125, ===
===,70,CHECKPOINT-STOP,2,0.204571,0.000000,31,19932.000000,1422.578125, ===
===,71,CHECKPOINT,2,0.204620,0.007678,31,19932.000000,1422.578125, ===
===,72,ITER,2,0.227616,0.000000,22,19936.000000,1436.070312, ===
===,73,ITER,2,0.229568,0.000000,23,19948.000000,1449.562500, ===
===,74,ITER,2,0.231217,0.000000,24,19952.000000,1463.054688, ===
===,75,ITER,2,0.232987,0.000000,25,19956.000000,1476.546875, ===
===,76,ITER,2,0.235679,0.000000,26,19960.000000,1490.039062, ===
===,77,ITER,2,0.237604,0.000000,27,19960.000000,1503.531250, ===
===,78,ITER,2,0.239091,0.000000,28,19964.000000,1517.023438, ===
===,79,ITER,2,0.241266,0.000000,29,19968.000000,1530.515625, ===
===,80,ITER,2,0.243037,0.000000,30,19968.000000,1544.007812, ===
===,81,ITER,2,0.244723,0.000000,31,19968.000000,1557.500000, ===
===,82,FAILURE-CHECK-START,2,0.244773,0.000000,31,19968.000000,1557.500000, ===
===,83,FAILURE-CHECK-STOP,2,0.244942,0.000000,31,19968.000000,1557.500000, ===
===,84,FAILURE-CHECK,2,0.244983,0.000239,31,19968.000000,1557.500000, ===
===,85,CHECKPOINT-START,2,0.245026,0.000000,31,19968.000000,1557.500000, ===
===,86,CHECKPOINT-PRE-NEW,2,0.245087,0.000000,31,19968.000000,390.156250, ===
===,87,CHECKPOINT-POST-NEW,2,0.251503,0.000000,31,21868.000000,1557.500000, ===
===,88,CHECKPOINT-STOP,2,0.251570,0.000000,31,21868.000000,1557.500000, ===
===,89,CHECKPOINT,2,0.251607,0.006607,31,21868.000000,1557.500000, ===
===,90,ITER,2,0.274477,0.000000,32,21868.000000,1570.992188, ===
===,91,ITER,2,0.276266,0.000000,33,21868.000000,1584.484375, ===
===,92,ITER,2,0.278844,0.000000,34,21868.000000,1597.976562, ===
===,93,ITER,2,0.281471,0.000000,35,21868.000000,1611.468750, ===
===,94,ITER,2,0.283985,0.000000,36,21868.000000,1624.960938, ===
===,95,ITER,2,0.286425,0.000000,37,21868.000000,1638.453125, ===
===,96,ITER,2,0.288095,0.000000,38,21868.000000,1651.945312, ===
===,97,ITER,2,0.290745,0.000000,39,21868.000000,1665.437500, ===
===,98,ITER,2,0.293607,0.000000,40,21868.000000,1678.929688, ===
===,99,ITER,2,0.296049,0.000000,41,21868.000000,1692.421875, ===
===,100,FAILURE-CHECK-START,2,0.296094,0.000000,41,21868.000000,1692.421875, ===
===,101,FAILURE-CHECK-STOP,2,0.296281,0.000000,41,21868.000000,1692.421875, ===
===,102,FAILURE-CHECK,2,0.296353,0.000255,41,21868.000000,1692.421875, ===
===,103,CHECKPOINT-START,2,0.296446,0.000000,41,21868.000000,1692.421875, ===
===,104,CHECKPOINT-PRE-NEW,2,0.298022,0.000000,41,21868.000000,525.078125, ===
===,105,CHECKPOINT-POST-NEW,2,0.303430,0.000000,41,23036.000000,1692.421875, ===
===,106,CHECKPOINT-STOP,2,0.303496,0.000000,41,23036.000000,1692.421875, ===
===,107,CHECKPOINT,2,0.303538,0.007161,41,23036.000000,1692.421875, ===
===,108,ITER,2,0.320526,0.000000,42,23036.000000,1705.914062, ===
===,109,ITER,2,0.323329,0.000000,43,23036.000000,1719.406250, ===
===,110,ITER,2,0.326051,0.000000,44,23036.000000,1732.898438, ===
===,111,ITER,2,0.328959,0.000000,45,23036.000000,1746.390625, ===
===,112,ITER,2,0.331527,0.000000,46,23036.000000,1759.882812, ===
===,113,ITER,2,0.334602,0.000000,47,23036.000000,1773.375000, ===
===,114,ITER,2,0.336658,0.000000,48,23036.000000,1786.867188, ===
===,115,ITER,2,0.339011,0.000000,49,23036.000000,1800.359375, ===
===,116,ITER,2,0.341247,0.000000,50,23036.000000,1813.851562, ===
===,117,FINALIZE-START,2,0.343657,0.000000,50,23036.000000,1827.343750, ===
===,118,FINALIZE-STOP,2,0.367243,0.000000,50,19588.000000,1827.343750, ===
===,119,FINALIZE,2,0.367293,0.023691,50,19588.000000,1827.343750, ===
===,0,INIT-START,3,0.000425,0.000000,0,8032.000000,0.000000, ===
===,1,INIT-STOP,3,0.002253,0.000000,0,8672.000000,0.000000, ===
===,2,INIT,3,0.002323,0.002239,0,8672.000000,0.000000, ===
===,3,ITER,3,0.002374,0.000000,1,8676.000000,0.000000, ===
===,4,FAILURE-CHECK-START,3,0.002417,0.000000,1,8676.000000,0.000000, ===
===,5,FAILURE-CHECK-STOP,3,0.003532,0.000000,1,8728.000000,0.000000, ===
===,6,FAILURE-CHECK,3,0.003786,0.001392,1,8728.000000,0.000000, ===
===,7,CHECKPOINT-START,3,0.003852,0.000000,1,8728.000000,0.000000, ===
===,8,CHECKPOINT-PRE-NEW,3,0.003991,0.000000,1,8728.000000,0.000000, ===
===,9,CHECKPOINT-POST-NEW,3,0.019891,0.000000,1,10096.000000,1023.781250, ===
===,10,CHECKPOINT-STOP,3,0.019953,0.000000,1,10096.000000,1023.781250, ===
===,11,CHECKPOINT,3,0.019991,0.016184,1,10096.000000,1023.781250, ===
===,12,ITER,3,0.046912,0.000000,2,10748.000000,1037.960938, ===
===,13,ITER,3,0.050836,0.000000,3,11300.000000,1052.140625, ===
===,14,ITER,3,0.055065,0.000000,4,11300.000000,1066.320312, ===
===,15,ITER,3,0.057403,0.000000,5,11312.000000,1080.500000, ===
===,16,ITER,3,0.060048,0.000000,6,11316.000000,1094.679688, ===
===,17,ITER,3,0.062470,0.000000,7,11328.000000,1108.859375, ===
===,18,ITER,3,0.064808,0.000000,8,11332.000000,1123.039062, ===
===,19,ITER,3,0.067304,0.000000,9,11340.000000,1137.218750, ===
===,20,ITER,3,0.069620,0.000000,10,11344.000000,1151.398438, ===
===,21,ITER,3,0.072322,0.000000,11,11360.000000,1165.578125, ===
===,22,FAILURE-CHECK-START,3,0.072383,0.000000,11,11360.000000,1165.578125, ===
===,23,FAILURE-CHECK-STOP,3,0.072672,0.000000,11,11360.000000,1165.578125, ===
===,24,FAILURE-CHECK,3,0.072720,0.000372,11,11360.000000,1165.578125, ===
===,25,CHECKPOINT-START,3,0.072768,0.000000,11,11360.000000,1165.578125, ===
===,26,CHECKPOINT-PRE-NEW,3,0.072813,0.000000,11,11360.000000,141.796875, ===
===,27,CHECKPOINT-POST-NEW,3,0.089376,0.000000,11,13904.000000,1165.578125, ===
===,28,CHECKPOINT-STOP,3,0.089437,0.000000,11,13904.000000,1165.578125, ===
===,29,CHECKPOINT,3,0.089475,0.016733,11,13904.000000,1165.578125, ===
===,30,ITER,3,0.110447,0.000000,12,13912.000000,1179.757812, ===
===,31,ITER,3,0.112723,0.000000,13,13912.000000,1193.937500, ===
===,32,ITER,3,0.115248,0.000000,14,13912.000000,1208.117188, ===
===,33,ITER,3,0.117561,0.000000,15,13916.000000,1222.296875, ===
===,34,ITER,3,0.119884,0.000000,16,13920.000000,1236.476562, ===
===,35,ITER,3,0.122126,0.000000,17,13936.000000,1250.656250, ===
===,36,ITER,3,0.124537,0.000000,18,13936.000000,1264.835938, ===
===,37,ITER,3,0.127052,0.000000,19,13936.000000,1279.015625, ===
===,38,ITER,3,0.129492,0.000000,20,13936.000000,1293.195312, ===
===,39,ITER,3,0.131868,0.000000,21,13936.000000,1307.375000, ===
===,40,FAILURE-CHECK-START,3,0.131967,0.000000,21,13936.000000,1307.375000, ===
===,41,FAILURE-CHECK-STOP,3,0.133767,0.000000,21,13936.000000,1307.375000, ===
===,42,FAILURE-CHECK,3,0.133818,0.001930,21,13936.000000,1307.375000, ===
===,43,CHECKPOINT-START,3,0.133863,0.000000,21,13936.000000,1307.375000, ===
===,44,CHECKPOINT-PRE-NEW,3,0.133905,0.000000,21,13936.000000,283.593750, ===
===,45,CHECKPOINT-POST-NEW,3,0.139493,0.000000,21,14960.000000,1307.375000, ===
===,46,CHECKPOINT-STOP,3,0.139554,0.000000,21,14960.000000,1307.375000, ===
===,47,CHECKPOINT,3,0.139597,0.005758,21,14960.000000,1307.375000, ===
===,48,ITER,3,0.155079,0.000000,22,14960.000000,1321.554688, ===
===,49,ITER,3,0.157554,0.000000,23,14960.000000,1335.734375, ===
===,50,ITER,3,0.160065,0.000000,24,14960.000000,1349.914062, ===
===,51,ITER,3,0.162561,0.000000,25,14968.000000,1364.093750, ===
===,52,ITER,3,0.165000,0.000000,26,14968.000000,1378.273438, ===
===,53,ITER,3,0.167445,0.000000,27,14968.000000,1392.453125, ===
===,54,ITER,3,0.170082,0.000000,28,14976.000000,1406.632812, ===
===,55,ITER,3,0.172312,0.000000,29,14976.000000,1420.812500, ===
===,56,ITER,3,0.175046,0.000000,30,14976.000000,1434.992188, ===
===,57,COMM-ERROR,3,0.184347,0.000000,30,14996.000000,1434.992188, ===
===,58,COMM-ERROR,3,0.185602,0.000000,30,14996.000000,1434.992188, ===
===,59,COMM-ERROR,3,0.186869,0.000000,30,14996.000000,1449.164062, ===
===,60,ITER,3,0.187520,0.000000,31,14996.000000,1449.171875, ===
===,61,FAILURE-CHECK-START,3,0.187573,0.000000,31,14996.000000,1449.171875, ===
===,62,FAILURE-CHECK-STOP,3,0.188756,0.000000,31,14996.000000,1449.171875, ===
===,63,FAILURE-CHECK,3,0.188979,0.001436,31,14996.000000,1449.171875, ===
===,64,FAILURE-DETECT,3,0.189026,0.000000,31,14996.000000,1449.171875, ===
===,65,RESTORE-START,3,0.192922,0.000000,31,14996.000000,1449.171875, ===
===,66,RESTORE-STOP,3,0.196699,0.000000,31,15216.000000,2059.375000, ===
===,67,RESTORE,3,0.196732,0.003921,31,15216.000000,2059.375000, ===
===,68,CHECKPOINT-START,3,0.196768,0.000000,31,15216.000000,2059.375000, ===
===,69,CHECKPOINT-PRE-NEW,3,0.196803,0.000000,31,15216.000000,425.390625, ===
===,70,CHECKPOINT-POST-NEW,3,0.206880,0.000000,31,16388.000000,1595.156250, ===
===,71,CHECKPOINT-STOP,3,0.206940,0.000000,31,16388.000000,1595.156250, ===
===,72,CHECKPOINT,3,0.206977,0.010229,31,16388.000000,1595.156250, ===
===,73,ITER,3,0.227639,0.000000,22,16544.000000,1603.796875, ===
===,74,ITER,3,0.229669,0.000000,23,16544.000000,1612.437500, ===
===,75,ITER,3,0.231219,0.000000,24,16544.000000,1621.078125, ===
===,76,ITER,3,0.232970,0.000000,25,16544.000000,1629.718750, ===
===,77,ITER,3,0.235681,0.000000,26,16544.000000,1638.359375, ===
===,78,ITER,3,0.237445,0.000000,27,16544.000000,1647.000000, ===
===,79,ITER,3,0.239084,0.000000,28,16544.000000,1655.640625, ===
===,80,ITER,3,0.241153,0.000000,29,16544.000000,1664.281250, ===
===,81,ITER,3,0.243038,0.000000,30,16544.000000,1672.921875, ===
===,82,ITER,3,0.244806,0.000000,31,16544.000000,1681.562500, ===
===,83,FAILURE-CHECK-START,3,0.244867,0.000000,31,16544.000000,1681.562500, ===
===,84,FAILURE-CHECK-STOP,3,0.244945,0.000000,31,16544.000000,1681.562500, ===
===,85,FAILURE-CHECK,3,0.244983,0.000149,31,16544.000000,1681.562500, ===
===,86,CHECKPOINT-START,3,0.245026,0.000000,31,16544.000000,1681.562500, ===
===,87,CHECKPOINT-PRE-NEW,3,0.245188,0.000000,31,16544.000000,511.796875, ===
===,88,CHECKPOINT-POST-NEW,3,0.254189,0.000000,31,18884.000000,1681.562500, ===
===,89,CHECKPOINT-STOP,3,0.254269,0.000000,31,18884.000000,1681.562500, ===
===,90,CHECKPOINT,3,0.254309,0.009308,31,18884.000000,1681.562500, ===
===,91,ITER,3,0.274425,0.000000,32,18884.000000,1690.203125, ===
===,92,ITER,3,0.276291,0.000000,33,18884.000000,1698.843750, ===
===,93,ITER,3,0.278897,0.000000,34,18884.000000,1707.484375, ===
===,94,ITER,3,0.281368,0.000000,35,18884.000000,1716.125000, ===
===,95,ITER,3,0.284100,0.000000,36,18884.000000,1724.765625, ===
===,96,ITER,3,0.286548,0.000000,37,18884.000000,1733.406250, ===
===,97,ITER,3,0.288076,0.000000,38,18884.000000,1742.046875, ===
===,98,ITER,3,0.290704,0.000000,39,18884.000000,1750.687500, ===
===,99,ITER,3,0.293549,0.000000,40,18884.000000,1759.328125, ===
===,100,ITER,3,0.296051,0.000000,41,18884.000000,1767.968750, ===
===,101,FAILURE-CHECK-START,3,0.296100,0.000000,41,18884.000000,1767.968750, ===
===,102,FAILURE-CHECK-STOP,3,0.296281,0.000000,41,18884.000000,1767.968750, ===
===,103,FAILURE-CHECK,3,0.296321,0.000251,41,18884.000000,1767.968750, ===
===,104,CHECKPOINT-START,3,0.296364,0.000000,41,18884.000000,1767.968750, ===
===,105,CHECKPOINT-PRE-NEW,3,0.296406,0.000000,41,18884.000000,598.203125, ===
===,106,CHECKPOINT-POST-NEW,3,0.304053,0.000000,41,20056.000000,1767.968750, ===
===,107,CHECKPOINT-STOP,3,0.304119,0.000000,41,20056.000000,1767.968750, ===
===,108,CHECKPOINT,3,0.304189,0.007850,41,20056.000000,1767.968750, ===
===,109,ITER,3,0.320525,0.000000,42,20056.000000,1776.609375, ===
===,110,ITER,3,0.323343,0.000000,43,20056.000000,1785.250000, ===
===,111,ITER,3,0.326095,0.000000,44,20056.000000,1793.890625, ===
===,112,ITER,3,0.328955,0.000000,45,20056.000000,1802.531250, ===
===,113,ITER,3,0.331559,0.000000,46,20056.000000,1811.171875, ===
===,114,ITER,3,0.334591,0.000000,47,20056.000000,1819.812500, ===
===,115,ITER,3,0.336662,0.000000,48,20056.000000,1828.453125, ===
===,116,ITER,3,0.339010,0.000000,49,20056.000000,1837.093750, ===
===,117,ITER,3,0.341090,0.000000,50,20056.000000,1845.734375, ===
===,118,FINALIZE-START,3,0.343689,0.000000,50,20056.000000,1854.375000, ===
===,119,FINALIZE-STOP,3,0.369382,0.000000,50,17096.000000,1854.375000, ===
===,120,FINALIZE,3,0.369442,0.025789,50,17096.000000,1854.375000, ===
===,0,INIT-START,4,0.001044,0.000000,0,8044.000000,0.000000, ===
===,1,INIT-STOP,4,0.002384,0.000000,0,8684.000000,0.000000, ===
===,2,INIT,4,0.002434,0.002352,0,8684.000000,0.000000, ===
===,3,ITER,4,0.002476,0.000000,1,8688.000000,0.000000, ===
===,4,FAILURE-CHECK-START,4,0.002517,0.000000,1,8688.000000,0.000000, ===
===,5,FAILURE-CHECK-STOP,4,0.003533,0.000000,1,8740.000000,0.000000, ===
===,6,FAILURE-CHECK,4,0.003583,0.001088,1,8740.000000,0.000000, ===
===,7,CHECKPOINT-START,4,0.003685,0.000000,1,8740.000000,0.000000, ===
===,8,CHECKPOINT-PRE-NEW,4,0.003721,0.000000,1,8740.000000,0.000000, ===
===,9,CHECKPOINT-POST-NEW,4,0.024800,0.000000,1,11132.000000,1023.781250, ===
===,10,CHECKPOINT-STOP,4,0.024861,0.000000,1,11132.000000,1023.781250, ===
===,11,CHECKPOINT,4,0.024896,0.021289,1,11132.000000,1023.781250, ===
===,12,ITER,4,0.046349,0.000000,2,11776.000000,1037.960938, ===
===,13,ITER,4,0.051424,0.000000,3,12336.000000,1052.140625, ===
===,14,ITER,4,0.054972,0.000000,4,12344.000000,1066.320312, ===
===,15,ITER,4,0.057436,0.000000,5,12348.000000,1080.500000, ===
===,16,ITER,4,0.060046,0.000000,6,12348.000000,1094.679688, ===
===,17,ITER,4,0.062624,0.000000,7,12352.000000,1108.859375, ===
===,18,ITER,4,0.064783,0.000000,8,12356.000000,1123.039062, ===
===,19,ITER,4,0.067309,0.000000,9,12360.000000,1137.218750, ===
===,20,ITER,4,0.069780,0.000000,10,12364.000000,1151.398438, ===
===,21,ITER,4,0.072269,0.000000,11,12384.000000,1165.578125, ===
===,22,FAILURE-CHECK-START,4,0.072313,0.000000,11,12384.000000,1165.578125, ===
===,23,FAILURE-CHECK-STOP,4,0.072659,0.000000,11,12384.000000,1165.578125, ===
===,24,FAILURE-CHECK,4,0.072730,0.000440,11,12384.000000,1165.578125, ===
===,25,CHECKPOINT-START,4,0.072806,0.000000,11,12384.000000,1165.578125, ===
===,26,CHECKPOINT-PRE-NEW,4,0.072954,0.000000,11,12384.000000,141.796875, ===
===,27,CHECKPOINT-POST-NEW,4,0.093687,0.000000,11,15952.000000,1165.578125, ===
===,28,CHECKPOINT-STOP,4,0.093775,0.000000,11,15952.000000,1165.578125, ===
===,29,CHECKPOINT,4,0.093817,0.021067,11,15952.000000,1165.578125, ===
===,30,ITER,4,0.110359,0.000000,12,15956.000000,1179.757812, ===
===,31,ITER,4,0.112958,0.000000,13,15960.000000,1193.937500, ===
===,32,ITER,4,0.115258,0.000000,14,15968.000000,1208.117188, ===
===,33,ITER,4,0.117547,0.000000,15,15980.000000,1222.296875, ===
===,34,ITER,4,0.119845,0.000000,16,15980.000000,1236.476562, ===
===,35,ITER,4,0.122256,0.000000,17,15988.000000,1250.656250, ===
===,36,ITER,4,0.124518,0.000000,18,15988.000000,1264.835938, ===
===,37,ITER,4,0.127048,0.000000,19,15988.000000,1279.015625, ===
===,38,ITER,4,0.129612,0.000000,20,15988.000000,1293.195312, ===
===,39,ITER,4,0.131867,0.000000,21,15988.000000,1307.375000, ===
===,40,FAILURE-CHECK-START,4,0.131915,0.000000,21,15988.000000,1307.375000, ===
===,41,FAILURE-CHECK-STOP,4,0.132086,0.000000,21,15988.000000,1307.375000, ===
===,42,FAILURE-CHECK,4,0.132125,0.000236,21,15988.000000,1307.375000, ===
===,43,CHECKPOINT-START,4,0.132167,0.000000,21,15988.000000,1307.375000, ===
===,44,CHECKPOINT-PRE-NEW,4,0.132207,0.000000,21,15988.000000,283.593750, ===
===,45,CHECKPOINT-POST-NEW,4,0.144057,0.000000,21,18036.000000,1307.375000, ===
===,46,CHECKPOINT-STOP,4,0.144108,0.000000,21,18036.000000,1307.375000, ===
===,47,CHECKPOINT,4,0.144152,0.012011,21,18036.000000,1307.375000, ===
===,48,ITER,4,0.155066,0.000000,22,18036.000000,1321.554688, ===
===,49,ITER,4,0.157402,0.000000,23,18036.000000,1335.734375, ===
===,50,ITER,4,0.159821,0.000000,24,18036.000000,1349.914062, ===
===,51,ITER,4,0.162539,0.000000,25,18044.000000,1364.093750, ===
===,52,ITER,4,0.165156,0.000000,26,18044.000000,1378.273438, ===
===,53,ITER,4,0.167536,0.000000,27,18044.000000,1392.453125, ===
===,54,ITER,4,0.170082,0.000000,28,18048.000000,1406.632812, ===
===,55,ITER,4,0.172314,0.000000,29,18048.000000,1420.812500, ===
===,56,ITER,4,0.175246,0.000000,30,18048.000000,1434.992188, ===
===,57,COMM-ERROR,4,0.184341,0.000000,30,18072.000000,1434.992188, ===
===,58,COMM-ERROR,4,0.186892,0.000000,30,18072.000000,1434.992188, ===
===,59,COMM-ERROR,4,0.188440,0.000000,30,18072.000000,1449.164062, ===
===,60,ITER,4,0.188510,0.000000,31,18072.000000,1449.171875, ===
===,61,FAILURE-CHECK-START,4,0.188565,0.000000,31,18072.000000,1449.171875, ===
===,62,FAILURE-CHECK-STOP,4,0.188697,0.000000,31,18072.000000,1449.171875, ===
===,63,FAILURE-CHECK,4,0.188745,0.000209,31,18072.000000,1449.171875, ===
===,64,FAILURE-DETECT,4,0.189072,0.000000,31,18072.000000,1449.171875, ===
===,65,RESTORE-START,4,0.192877,0.000000,31,18072.000000,1449.171875, ===
===,66,RESTORE-STOP,4,0.196518,0.000000,31,18240.000000,1669.765625, ===
===,67,RESTORE,4,0.196582,0.003799,31,18240.000000,1669.765625, ===
===,68,CHECKPOINT-START,4,0.196652,0.000000,31,18240.000000,1669.765625, ===
===,69,CHECKPOINT-PRE-NEW,4,0.196727,0.000000,31,18240.000000,425.390625, ===
===,70,CHECKPOINT-POST-NEW,4,0.211073,0.000000,31,20720.000000,1596.906250, ===
===,71,CHECKPOINT-STOP,4,0.211134,0.000000,31,20720.000000,1596.906250, ===
===,72,CHECKPOINT,4,0.211170,0.014559,31,20720.000000,1596.906250, ===
===,73,ITER,4,0.227610,0.000000,22,20736.000000,1611.500000, ===
===,74,ITER,4,0.229601,0.000000,23,20740.000000,1626.093750, ===
===,75,ITER,4,0.231218,0.000000,24,20740.000000,1640.687500, ===
===,76,ITER,4,0.232922,0.000000,25,20740.000000,1655.281250, ===
===,77,ITER,4,0.235677,0.000000,26,20740.000000,1669.875000, ===
===,78,ITER,4,0.237452,0.000000,27,20744.000000,1684.468750, ===
===,79,ITER,4,0.239081,0.000000,28,20748.000000,1699.062500, ===
===,80,ITER,4,0.241153,0.000000,29,20748.000000,1713.656250, ===
===,81,ITER,4,0.243035,0.000000,30,20748.000000,1728.250000, ===
===,82,ITER,4,0.244718,0.000000,31,20748.000000,1742.843750, ===
===,83,FAILURE-CHECK-START,4,0.244793,0.000000,31,20748.000000,1742.843750, ===
===,84,FAILURE-CHECK-STOP,4,0.244949,0.000000,31,20748.000000,1742.843750, ===
===,85,FAILURE-CHECK,4,0.245003,0.000259,31,20748.000000,1742.843750, ===
===,86,CHECKPOINT-START,4,0.245050,0.000000,31,20748.000000,1742.843750, ===
===,87,CHECKPOINT-PRE-NEW,4,0.245106,0.000000,31,20748.000000,571.328125, ===
===,88,CHECKPOINT-POST-NEW,4,0.258857,0.000000,31,24016.000000,1742.843750, ===
===,89,CHECKPOINT-STOP,4,0.258923,0.000000,31,24016.000000,1742.843750, ===
===,90,CHECKPOINT,4,0.258990,0.013970,31,24016.000000,1742.843750, ===
===,91,ITER,4,0.274552,0.000000,32,24016.000000,1757.437500, ===
===,92,ITER,4,0.276268,0.000000,33,24016.000000,1772.031250, ===
===,93,ITER,4,0.278837,0.000000,34,24016.000000,1786.625000, ===
===,94,ITER,4,0.281356,0.000000,35,24016.000000,1801.218750, ===
===,95,ITER,4,0.284086,0.000000,36,24016.000000,1815.812500, ===
===,96,ITER,4,0.286521,0.000000,37,24016.000000,1830.406250, ===
===,97,ITER,4,0.288156,0.000000,38,24016.000000,1845.000000, ===
===,98,ITER,4,0.290697,0.000000,39,24016.000000,1859.593750, ===
===,99,ITER,4,0.293552,0.000000,40,24016.000000,1874.187500, ===
===,100,ITER,4,0.296046,0.000000,41,24016.000000,1888.781250, ===
===,101,FAILURE-CHECK-START,4,0.296098,0.000000,41,24016.000000,1888.781250, ===
===,102,FAILURE-CHECK-STOP,4,0.296280,0.000000,41,24016.000000,1888.781250, ===
===,103,FAILURE-CHECK,4,0.296320,0.000255,41,24016.000000,1888.781250, ===
===,104,CHECKPOINT-START,4,0.296362,0.000000,41,24016.000000,1888.781250, ===
===,105,CHECKPOINT-PRE-NEW,4,0.296404,0.000000,41,24016.000000,717.265625, ===
===,106,CHECKPOINT-POST-NEW,4,0.309134,0.000000,41,26460.000000,1888.781250, ===
===,107,CHECKPOINT-STOP,4,0.309199,0.000000,41,26460.000000,1888.781250, ===
===,108,CHECKPOINT,4,0.309247,0.012909,41,26460.000000,1888.781250, ===
===,109,ITER,4,0.320526,0.000000,42,26460.000000,1903.375000, ===
===,110,ITER,4,0.323327,0.000000,43,26460.000000,1917.968750, ===
===,111,ITER,4,0.326088,0.000000,44,26460.000000,1932.562500, ===
===,112,ITER,4,0.328843,0.000000,45,26460.000000,1947.156250, ===
===,113,ITER,4,0.331526,0.000000,46,26460.000000,1961.750000, ===
===,114,ITER,4,0.334497,0.000000,47,26460.000000,1976.343750, ===
===,115,ITER,4,0.336662,0.000000,48,26460.000000,1990.937500, ===
===,116,ITER,4,0.339130,0.000000,49,26460.000000,2005.531250, ===
===,117,ITER,4,0.341092,0.000000,50,26460.000000,2020.125000, ===
===,118,FINALIZE-START,4,0.343680,0.000000,50,26460.000000,2034.718750, ===
===,119,FINALIZE-STOP,4,0.370706,0.000000,50,23484.000000,2034.718750, ===
===,120,FINALIZE,4,0.370754,0.027111,50,23484.000000,2034.718750, ===
===,0,INIT-START,5,0.000273,0.000000,0,8032.000000,0.000000, ===
===,1,INIT-STOP,5,0.001565,0.000000,0,8672.000000,0.000000, ===
===,2,INIT,5,0.001612,0.001528,0,8672.000000,0.000000, ===
===,3,ITER,5,0.001653,0.000000,1,8676.000000,0.000000, ===
===,4,FAILURE-CHECK-START,5,0.001695,0.000000,1,8676.000000,0.000000, ===
===,5,FAILURE-CHECK-STOP,5,0.003698,0.000000,1,8724.000000,0.000000, ===
===,6,FAILURE-CHECK,5,0.003776,0.002104,1,8724.000000,0.000000, ===
===,7,CHECKPOINT-START,5,0.003824,0.000000,1,8724.000000,0.000000, ===
===,8,CHECKPOINT-PRE-NEW,5,0.003859,0.000000,1,8724.000000,0.000000, ===
===,9,CHECKPOINT-POST-NEW,5,0.026329,0.000000,1,10096.000000,1023.781250, ===
===,10,CHECKPOINT-STOP,5,0.026408,0.000000,1,10096.000000,1023.781250, ===
===,11,CHECKPOINT,5,0.026450,0.022654,1,10096.000000,1023.781250, ===
===,12,ITER,5,0.046609,0.000000,2,10676.000000,1032.289062, ===
===,13,ITER,5,0.050843,0.000000,3,11216.000000,1040.796875, ===
===,14,ITER,5,0.055012,0.000000,4,11220.000000,1049.304688, ===
===,15,ITER,5,0.057463,0.000000,5,11224.000000,1057.812500, ===
===,16,ITER,5,0.060048,0.000000,6,11232.000000,1066.320312, ===
===,17,ITER,5,0.062471,0.000000,7,11240.000000,1074.828125, ===
===,18,ITER,5,0.064813,0.000000,8,11240.000000,1083.335938, ===
===,19,ITER,5,0.067345,0.000000,9,11244.000000,1091.843750, ===
===,20,ITER,5,0.069957,0.000000,10,11252.000000,1100.351562, ===
===,21,ITER,5,0.072263,0.000000,11,11264.000000,1108.859375, ===
===,22,FAILURE-CHECK-START,5,0.072312,0.000000,11,11264.000000,1108.859375, ===
===,23,FAILURE-CHECK-STOP,5,0.072735,0.000000,11,11264.000000,1108.859375, ===
===,24,FAILURE-CHECK,5,0.072772,0.000488,11,11264.000000,1108.859375, ===
===,25,CHECKPOINT-START,5,0.072813,0.000000,11,11264.000000,1108.859375, ===
===,26,CHECKPOINT-PRE-NEW,5,0.072853,0.000000,11,11264.000000,85.078125, ===
===,27,CHECKPOINT-POST-NEW,5,0.095192,0.000000,11,13812.000000,1108.859375, ===
===,28,CHECKPOINT-STOP,5,0.095260,0.000000,11,13812.000000,1108.859375, ===
===,29,CHECKPOINT,5,0.095306,0.022517,11,13812.000000,1108.859375, ===
===,30,ITER,5,0.110354,0.000000,12,13812.000000,1117.367188, ===
===,31,ITER,5,0.112724,0.000000,13,13812.000000,1125.875000, ===
===,32,ITER,5,0.115134,0.000000,14,13816.000000,1134.382812, ===
===,33,ITER,5,0.117569,0.000000,15,13828.000000,1142.890625, ===
===,34,ITER,5,0.120018,0.000000,16,13828.000000,1151.398438, ===
===,35,ITER,5,0.122217,0.000000,17,13832.000000,1159.906250, ===
===,36,ITER,5,0.124511,0.000000,18,13832.000000,1168.414062, ===
===,37,ITER,5,0.127097,0.000000,19,13832.000000,1176.921875, ===
===,38,ITER,5,0.129518,0.000000,20,13832.000000,1185.429688, ===
===,39,ITER,5,0.131899,0.000000,21,13832.000000,1193.937500, ===
===,40,FAILURE-CHECK-START,5,0.131975,0.000000,21,13832.000000,1193.937500, ===
===,41,FAILURE-CHECK-STOP,5,0.132146,0.000000,21,13832.000000,1193.937500, ===
===,42,FAILURE-CHECK,5,0.132322,0.000394,21,13832.000000,1193.937500, ===
===,43,CHECKPOINT-START,5,0.132405,0.000000,21,13832.000000,1193.937500, ===
===,44,CHECKPOINT-PRE-NEW,5,0.132458,0.000000,21,13832.000000,170.156250, ===
===,45,CHECKPOINT-POST-NEW,5,0.143109,0.000000,21,14856.000000,1193.937500, ===
===,46,CHECKPOINT-STOP,5,0.143169,0.000000,21,14856.000000,1193.937500, ===
===,47,CHECKPOINT,5,0.143208,0.010868,21,14856.000000,1193.937500, ===
===,48,ITER,5,0.155219,0.000000,22,14856.000000,1202.445312, ===
===,49,ITER,5,0.157436,0.000000,23,14856.000000,1210.953125, ===
===,50,ITER,5,0.159857,0.000000,24,14856.000000,1219.460938, ===
===,51,ITER,5,0.162542,0.000000,25,14864.000000,1227.968750, ===
===,52,ITER,5,0.165011,0.000000,26,14864.000000,1236.476562, ===
===,53,ITER,5,0.167445,0.000000,27,14864.000000,1244.984375, ===
===,54,ITER,5,0.170083,0.000000,28,14864.000000,1253.492188, ===
===,55,ITER,5,0.172293,0.000000,29,14864.000000,1262.000000, ===
===,56,ITER,5,0.175046,0.000000,30,14864.000000,1270.507812, ===
===,57,COMM-ERROR,5,0.187134,0.000000,30,14884.000000,1279.007812, ===
===,58,ITER,5,0.187205,0.000000,31,14884.000000,1279.015625, ===
===,59,FAILURE-CHECK-START,5,0.187253,0.000000,31,14884.000000,1279.015625, ===
===,60,FAILURE-CHECK-STOP,5,0.188755,0.000000,31,14884.000000,1279.015625, ===
===,61,FAILURE-CHECK,5,0.188849,0.001624,31,14884.000000,1279.015625, ===
===,62,FAILURE-DETECT,5,0.188890,0.000000,31,14884.000000,1279.015625, ===
===,63,RESTORE-START,5,0.192891,0.000000,31,14884.000000,1279.015625, ===
===,64,RESTORE-STOP,5,0.196509,0.000000,31,14884.000000,1352.546875, ===
===,65,RESTORE,5,0.196552,0.003755,31,14884.000000,1352.546875, ===
===,66,CHECKPOINT-START,5,0.196592,0.000000,31,14884.000000,1352.546875, ===
===,67,CHECKPOINT-PRE-NEW,5,0.196629,0.000000,31,14884.000000,255.234375, ===
===,68,CHECKPOINT-POST-NEW,5,0.212085,0.000000,31,16056.000000,1426.078125, ===
===,69,CHECKPOINT-STOP,5,0.212142,0.000000,31,16056.000000,1426.078125, ===
===,70,CHECKPOINT,5,0.212182,0.015613,31,16056.000000,1426.078125, ===
===,71,ITER,5,0.227620,0.000000,22,16212.000000,1434.992188, ===
===,72,ITER,5,0.229563,0.000000,23,16220.000000,1443.906250, ===
===,73,ITER,5,0.231320,0.000000,24,16220.000000,1452.820312, ===
===,74,ITER,5,0.232924,0.000000,25,16220.000000,1461.734375, ===
===,75,ITER,5,0.235668,0.000000,26,16220.000000,1470.648438, ===
===,76,ITER,5,0.237549,0.000000,27,16220.000000,1479.562500, ===
===,77,ITER,5,0.239074,0.000000,28,16220.000000,1488.476562, ===
===,78,ITER,5,0.241154,0.000000,29,16220.000000,1497.390625, ===
===,79,ITER,5,0.243048,0.000000,30,16220.000000,1506.304688, ===
===,80,ITER,5,0.244718,0.000000,31,16220.000000,1515.218750, ===
===,81,FAILURE-CHECK-START,5,0.244772,0.000000,31,16220.000000,1515.218750, ===
===,82,FAILURE-CHECK-STOP,5,0.245081,0.000000,31,16220.000000,1515.218750, ===
===,83,FAILURE-CHECK,5,0.245124,0.000382,31,16220.000000,1515.218750, ===
===,84,CHECKPOINT-START,5,0.245162,0.000000,31,16220.000000,1515.218750, ===
===,85,CHECKPOINT-PRE-NEW,5,0.245198,0.000000,31,16220.000000,344.375000, ===
===,86,CHECKPOINT-POST-NEW,5,0.258723,0.000000,31,18564.000000,1515.218750, ===
===,87,CHECKPOINT-STOP,5,0.258784,0.000000,31,18564.000000,1515.218750, ===
===,88,CHECKPOINT,5,0.258825,0.013684,31,18564.000000,1515.218750, ===
===,89,ITER,5,0.274429,0.000000,32,18564.000000,1524.132812, ===
===,90,ITER,5,0.276348,0.000000,33,18564.000000,1533.046875, ===
===,91,ITER,5,0.278839,0.000000,34,18564.000000,1541.960938, ===
===,92,ITER,5,0.281556,0.000000,35,18564.000000,1550.875000, ===
===,93,ITER,5,0.283986,0.000000,36,18564.000000,1559.789062, ===
===,94,ITER,5,0.286420,0.000000,37,18564.000000,1568.703125, ===
===,95,ITER,5,0.288157,0.000000,38,18564.000000,1577.617188, ===
===,96,ITER,5,0.290643,0.000000,39,18564.000000,1586.531250, ===
===,97,ITER,5,0.293551,0.000000,40,18564.000000,1595.445312, ===
===,98,ITER,5,0.296049,0.000000,41,18564.000000,1604.359375, ===
===,99,FAILURE-CHECK-START,5,0.296091,0.000000,41,18564.000000,1604.359375, ===
===,100,FAILURE-CHECK-STOP,5,0.296286,0.000000,41,18564.000000,1604.359375, ===
===,101,FAILURE-CHECK,5,0.296427,0.000360,41,18564.000000,1604.359375, ===
===,102,CHECKPOINT-START,5,0.296475,0.000000,41,18564.000000,1604.359375, ===
===,103,CHECKPOINT-PRE-NEW,5,0.296517,0.000000,41,18564.000000,433.515625, ===
===,104,CHECKPOINT-POST-NEW,5,0.307694,0.000000,41,19736.000000,1604.359375, ===
===,105,CHECKPOINT-STOP,5,0.307760,0.000000,41,19736.000000,1604.359375, ===
===,106,CHECKPOINT,5,0.307799,0.011352,41,19736.000000,1604.359375, ===
===,107,ITER,5,0.320631,0.000000,42,19736.000000,1613.273438, ===
===,108,ITER,5,0.323328,0.000000,43,19736.000000,1622.187500, ===
===,109,ITER,5,0.326169,0.000000,44,19736.000000,1631.101562, ===
===,110,ITER,5,0.328848,0.000000,45,19736.000000,1640.015625, ===
===,111,ITER,5,0.331689,0.000000,46,19736.000000,1648.929688, ===
===,112,ITER,5,0.334514,0.000000,47,19736.000000,1657.843750, ===
===,113,ITER,5,0.336774,0.000000,48,19736.000000,1666.757812, ===
===,114,ITER,5,0.339061,0.000000,49,19736.000000,1675.671875, ===
===,115,ITER,5,0.341105,0.000000,50,19736.000000,1684.585938, ===
===,116,FINALIZE-START,5,0.343772,0.000000,50,19736.000000,1693.500000, ===
===,117,FINALIZE-STOP,5,0.367207,0.000000,50,17036.000000,1693.500000, ===
===,118,FINALIZE,5,0.367257,0.023520,50,17036.000000,1693.500000, ===
===,0,INIT-START,6,0.001813,0.000000,0,8036.000000,0.000000, ===
===,1,INIT-STOP,6,0.003193,0.000000,0,8676.000000,0.000000, ===
===,2,INIT,6,0.003244,0.003164,0,8676.000000,0.000000, ===
===,3,ITER,6,0.003289,0.000000,1,8680.000000,0.000000, ===
===,4,FAILURE-CHECK-START,6,0.003331,0.000000,1,8680.000000,0.000000, ===
===,5,FAILURE-CHECK-STOP,6,0.003684,0.000000,1,8728.000000,0.000000, ===
===,6,FAILURE-CHECK,6,0.003725,0.000417,1,8728.000000,0.000000, ===
===,7,CHECKPOINT-START,6,0.003767,0.000000,1,8728.000000,0.000000, ===
===,8,CHECKPOINT-PRE-NEW,6,0.003801,0.000000,1,8728.000000,0.000000, ===
===,9,CHECKPOINT-POST-NEW,6,0.030997,0.000000,1,11120.000000,1023.781250, ===
===,10,CHECKPOINT-STOP,6,0.031059,0.000000,1,11120.000000,1023.781250, ===
===,11,CHECKPOINT,6,0.031095,0.027353,1,11120.000000,1023.781250, ===
===,12,ITER,6,0.046269,0.000000,2,11768.000000,1037.960938, ===
===,13,ITER,6,0.050830,0.000000,3,12324.000000,1052.140625, ===
===,14,ITER,6,0.054965,0.000000,4,12332.000000,1066.320312, ===
===,15,ITER,6,0.057401,0.000000,5,12336.000000,1080.500000, ===
===,16,ITER,6,0.060162,0.000000,6,12340.000000,1094.679688, ===
===,17,ITER,6,0.062468,0.000000,7,12340.000000,1108.859375, ===
===,18,ITER,6,0.064930,0.000000,8,12352.000000,1123.039062, ===
===,19,ITER,6,0.067446,0.000000,9,12356.000000,1137.218750, ===
===,20,ITER,6,0.069689,0.000000,10,12360.000000,1151.398438, ===
===,21,ITER,6,0.072272,0.000000,11,12376.000000,1165.578125, ===
===,22,FAILURE-CHECK-START,6,0.072319,0.000000,11,12376.000000,1165.578125, ===
===,23,FAILURE-CHECK-STOP,6,0.076058,0.000000,11,12376.000000,1165.578125, ===
===,24,FAILURE-CHECK,6,0.076100,0.003806,11,12376.000000,1165.578125, ===
===,25,CHECKPOINT-START,6,0.076141,0.000000,11,12376.000000,1165.578125, ===
===,26,CHECKPOINT-PRE-NEW,6,0.076183,0.000000,11,12376.000000,141.796875, ===
===,27,CHECKPOINT-POST-NEW,6,0.099974,0.000000,11,15944.000000,1165.578125, ===
===,28,CHECKPOINT-STOP,6,0.100032,0.000000,11,15944.000000,1165.578125, ===
===,29,CHECKPOINT,6,0.100067,0.023948,11,15944.000000,1165.578125, ===
===,30,ITER,6,0.110352,0.000000,12,15952.000000,1179.757812, ===
===,31,ITER,6,0.112834,0.000000,13,15952.000000,1193.937500, ===
===,32,ITER,6,0.115133,0.000000,14,15952.000000,1208.117188, ===
===,33,ITER,6,0.117568,0.000000,15,15964.000000,1222.296875, ===
===,34,ITER,6,0.120049,0.000000,16,15964.000000,1236.476562, ===
===,35,ITER,6,0.122118,0.000000,17,15980.000000,1250.656250, ===
===,36,ITER,6,0.124640,0.000000,18,15980.000000,1264.835938, ===
===,37,ITER,6,0.127148,0.000000,19,15980.000000,1279.015625, ===
===,38,ITER,6,0.129492,0.000000,20,15980.000000,1293.195312, ===
===,39,ITER,6,0.131937,0.000000,21,15980.000000,1307.375000, ===
===,40,FAILURE-CHECK-START,6,0.131997,0.000000,21,15980.000000,1307.375000, ===
===,41,FAILURE-CHECK-STOP,6,0.132101,0.000000,21,15980.000000,1307.375000, ===
===,42,FAILURE-CHECK,6,0.132163,0.000199,21,15980.000000,1307.375000, ===
===,43,CHECKPOINT-START,6,0.132231,0.000000,21,15980.000000,1307.375000, ===
===,44,CHECKPOINT-PRE-NEW,6,0.132290,0.000000,21,15980.000000,283.593750, ===
===,45,CHECKPOINT-POST-NEW,6,0.147344,0.000000,21,18028.000000,1307.375000, ===
===,46,CHECKPOINT-STOP,6,0.147398,0.000000,21,18028.000000,1307.375000, ===
===,47,CHECKPOINT,6,0.147438,0.015252,21,18028.000000,1307.375000, ===
===,48,ITER,6,0.155224,0.000000,22,18032.000000,1321.554688, ===
===,49,ITER,6,0.157503,0.000000,23,18032.000000,1335.734375, ===
===,50,ITER,6,0.159821,0.000000,24,18032.000000,1349.914062, ===
===,51,ITER,6,0.162538,0.000000,25,18032.000000,1364.093750, ===
===,52,ITER,6,0.164999,0.000000,26,18032.000000,1378.273438, ===
===,53,ITER,6,0.167431,0.000000,27,18032.000000,1392.453125, ===
===,54,ITER,6,0.170082,0.000000,28,18040.000000,1406.632812, ===
===,55,ITER,6,0.172296,0.000000,29,18040.000000,1420.812500, ===
===,56,ITER,6,0.175160,0.000000,30,18040.000000,1434.992188, ===
===,57,COMM-ERROR,6,0.185019,0.000000,30,18064.000000,1434.992188, ===
===,58,COMM-ERROR,6,0.188219,0.000000,30,18064.000000,1449.164062, ===
===,59,ITER,6,0.188301,0.000000,31,18064.000000,1449.171875, ===
===,60,FAILURE-CHECK-START,6,0.188372,0.000000,31,18064.000000,1449.171875, ===
===,61,FAILURE-CHECK-STOP,6,0.188860,0.000000,31,18064.000000,1449.171875, ===
===,62,FAILURE-CHECK,6,0.188909,0.000569,31,18064.000000,1449.171875, ===
===,63,FAILURE-DETECT,6,0.188946,0.000000,31,18064.000000,1449.171875, ===
===,64,RESTORE-START,6,0.192881,0.000000,31,18064.000000,1449.171875, ===
===,65,RESTORE-STOP,6,0.200572,0.000000,31,16168.000000,1669.765625, ===
===,66,RESTORE,6,0.200627,0.007815,31,16168.000000,1669.765625, ===
===,67,CHECKPOINT-START,6,0.200684,0.000000,31,16168.000000,1669.765625, ===
===,68,CHECKPOINT-PRE-NEW,6,0.200727,0.000000,31,16168.000000,425.390625, ===
===,69,CHECKPOINT-POST-NEW,6,0.217452,0.000000,31,19912.000000,1596.234375, ===
===,70,CHECKPOINT-STOP,6,0.217525,0.000000,31,19912.000000,1596.234375, ===
===,71,CHECKPOINT,6,0.217566,0.016914,31,19912.000000,1596.234375, ===
===,72,ITER,6,0.227729,0.000000,22,19912.000000,1610.828125, ===
===,73,ITER,6,0.229561,0.000000,23,19916.000000,1625.421875, ===
===,74,ITER,6,0.231320,0.000000,24,19916.000000,1640.015625, ===
===,75,ITER,6,0.232927,0.000000,25,19916.000000,1654.609375, ===
===,76,ITER,6,0.235667,0.000000,26,19920.000000,1669.203125, ===
===,77,ITER,6,0.237452,0.000000,27,19920.000000,1683.796875, ===
===,78,ITER,6,0.239068,0.000000,28,19920.000000,1698.390625, ===
===,79,ITER,6,0.241167,0.000000,29,19920.000000,1712.984375, ===
===,80,ITER,6,0.243144,0.000000,30,19920.000000,1727.578125, ===
===,81,ITER,6,0.244724,0.000000,31,19920.000000,1742.171875, ===
===,82,FAILURE-CHECK-START,6,0.244781,0.000000,31,19920.000000,1742.171875, ===
===,83,FAILURE-CHECK-STOP,6,0.244947,0.000000,31,19920.000000,1742.171875, ===
===,84,FAILURE-CHECK,6,0.244992,0.000243,31,19920.000000,1742.171875, ===
===,85,CHECKPOINT-START,6,0.245033,0.000000,31,19920.000000,1742.171875, ===
===,86,CHECKPOINT-PRE-NEW,6,0.245080,0.000000,31,19920.000000,571.328125, ===
===,87,CHECKPOINT-POST-NEW,6,0.264512,0.000000,31,22272.000000,1742.171875, ===
===,88,CHECKPOINT-STOP,6,0.264577,0.000000,31,22272.000000,1742.171875, ===
===,89,CHECKPOINT,6,0.264624,0.019613,31,22272.000000,1742.171875, ===
===,90,ITER,6,0.274423,0.000000,32,22272.000000,1756.765625, ===
===,91,ITER,6,0.276285,0.000000,33,22272.000000,1771.359375, ===
===,92,ITER,6,0.278827,0.000000,34,22272.000000,1785.953125, ===
===,93,ITER,6,0.281379,0.000000,35,22272.000000,1800.546875, ===
===,94,ITER,6,0.283986,0.000000,36,22272.000000,1815.140625, ===
===,95,ITER,6,0.286419,0.000000,37,22272.000000,1829.734375, ===
===,96,ITER,6,0.288071,0.000000,38,22272.000000,1844.328125, ===
===,97,ITER,6,0.290645,0.000000,39,22272.000000,1858.921875, ===
===,98,ITER,6,0.293528,0.000000,40,22272.000000,1873.515625, ===
===,99,ITER,6,0.296046,0.000000,41,22272.000000,1888.109375, ===
===,100,FAILURE-CHECK-START,6,0.296094,0.000000,41,22272.000000,1888.109375, ===
===,101,FAILURE-CHECK-STOP,6,0.296533,0.000000,41,22272.000000,1888.109375, ===
===,102,FAILURE-CHECK,6,0.296574,0.000508,41,22272.000000,1888.109375, ===
===,103,CHECKPOINT-START,6,0.296620,0.000000,41,22272.000000,1888.109375, ===
===,104,CHECKPOINT-PRE-NEW,6,0.296663,0.000000,41,22272.000000,717.265625, ===
===,105,CHECKPOINT-POST-NEW,6,0.313092,0.000000,41,24616.000000,1888.109375, ===
===,106,CHECKPOINT-STOP,6,0.313155,0.000000,41,24616.000000,1888.109375, ===
===,107,CHECKPOINT,6,0.313206,0.016611,41,24616.000000,1888.109375, ===
===,108,ITER,6,0.320568,0.000000,42,24616.000000,1902.703125, ===
===,109,ITER,6,0.323441,0.000000,43,24616.000000,1917.296875, ===
===,110,ITER,6,0.326049,0.000000,44,24616.000000,1931.890625, ===
===,111,ITER,6,0.328842,0.000000,45,24616.000000,1946.484375, ===
===,112,ITER,6,0.331651,0.000000,46,24616.000000,1961.078125, ===
===,113,ITER,6,0.334540,0.000000,47,24616.000000,1975.671875, ===
===,114,ITER,6,0.336653,0.000000,48,24616.000000,1990.265625, ===
===,115,ITER,6,0.339064,0.000000,49,24616.000000,2004.859375, ===
===,116,ITER,6,0.341103,0.000000,50,24616.000000,2019.453125, ===
===,117,FINALIZE-START,6,0.343657,0.000000,50,24616.000000,2034.046875, ===
===,118,FINALIZE-STOP,6,0.363367,0.000000,50,21716.000000,2034.046875, ===
===,119,FINALIZE,6,0.363425,0.019819,50,21716.000000,2034.046875, ===
===,0,INIT-START,7,0.000378,0.000000,0,8032.000000,0.000000, ===
===,1,INIT-STOP,7,0.001830,0.000000,0,8672.000000,0.000000, ===
===,2,INIT,7,0.001929,0.001845,0,8672.000000,0.000000, ===
===,3,ITER,7,0.001982,0.000000,1,8676.000000,0.000000, ===
===,4,FAILURE-CHECK-START,7,0.002096,0.000000,1,8676.000000,0.000000, ===
===,5,FAILURE-CHECK-STOP,7,0.003624,0.000000,1,8720.000000,0.000000, ===
===,6,FAILURE-CHECK,7,0.003670,0.001665,1,8720.000000,0.000000, ===
===,7,CHECKPOINT-START,7,0.003724,0.000000,1,8720.000000,0.000000, ===
===,8,CHECKPOINT-PRE-NEW,7,0.003778,0.000000,1,8720.000000,0.000000, ===
===,9,CHECKPOINT-POST-NEW,7,0.033001,0.000000,1,10092.000000,1023.781250, ===
===,10,CHECKPOINT-STOP,7,0.033060,0.000000,1,10092.000000,1023.781250, ===
===,11,CHECKPOINT,7,0.033099,0.029409,1,10092.000000,1023.781250, ===
===,12,ITER,7,0.046604,0.000000,2,10684.000000,1032.289062, ===
===,13,ITER,7,0.052097,0.000000,3,11224.000000,1040.796875, ===
===,14,ITER,7,0.054961,0.000000,4,11228.000000,1049.304688, ===
===,15,ITER,7,0.057431,0.000000,5,11228.000000,1057.812500, ===
===,16,ITER,7,0.060273,0.000000,6,11236.000000,1066.320312, ===
===,17,ITER,7,0.062577,0.000000,7,11240.000000,1074.828125, ===
===,18,ITER,7,0.064949,0.000000,8,11240.000000,1083.335938, ===
===,19,ITER,7,0.067320,0.000000,9,11244.000000,1091.843750, ===
===,20,ITER,7,0.069620,0.000000,10,11252.000000,1100.351562, ===
===,21,ITER,7,0.072375,0.000000,11,11268.000000,1108.859375, ===
===,22,FAILURE-CHECK-START,7,0.072429,0.000000,11,11268.000000,1108.859375, ===
===,23,FAILURE-CHECK-STOP,7,0.072727,0.000000,11,11268.000000,1108.859375, ===
===,24,FAILURE-CHECK,7,0.072767,0.000366,11,11268.000000,1108.859375, ===
===,25,CHECKPOINT-START,7,0.072809,0.000000,11,11268.000000,1108.859375, ===
===,26,CHECKPOINT-PRE-NEW,7,0.072861,0.000000,11,11268.000000,85.078125, ===
===,27,CHECKPOINT-POST-NEW,7,0.101482,0.000000,11,13820.000000,1108.859375, ===
===,28,CHECKPOINT-STOP,7,0.101562,0.000000,11,13820.000000,1108.859375, ===
===,29,CHECKPOINT,7,0.101615,0.028830,11,13820.000000,1108.859375, ===
===,30,ITER,7,0.110564,0.000000,12,13820.000000,1117.367188, ===
===,31,ITER,7,0.112858,0.000000,13,13824.000000,1125.875000, ===
===,32,ITER,7,0.115200,0.000000,14,13824.000000,1134.382812, ===
===,33,ITER,7,0.117688,0.000000,15,13832.000000,1142.890625, ===
===,34,ITER,7,0.119971,0.000000,16,13832.000000,1151.398438, ===
===,35,ITER,7,0.122133,0.000000,17,13840.000000,1159.906250, ===
===,36,ITER,7,0.124514,0.000000,18,13840.000000,1168.414062, ===
===,37,ITER,7,0.127170,0.000000,19,13840.000000,1176.921875, ===
===,38,ITER,7,0.129500,0.000000,20,13840.000000,1185.429688, ===
===,39,ITER,7,0.131970,0.000000,21,13840.000000,1193.937500, ===
===,40,FAILURE-CHECK-START,7,0.132023,0.000000,21,13840.000000,1193.937500, ===
===,41,FAILURE-CHECK-STOP,7,0.133008,0.000000,21,13840.000000,1193.937500, ===
===,42,FAILURE-CHECK,7,0.133046,0.001054,21,13840.000000,1193.937500, ===
===,43,CHECKPOINT-START,7,0.133084,0.000000,21,13840.000000,1193.937500, ===
===,44,CHECKPOINT-PRE-NEW,7,0.133120,0.000000,21,13840.000000,170.156250, ===
===,45,CHECKPOINT-POST-NEW,7,0.146510,0.000000,21,14860.000000,1193.937500, ===
===,46,CHECKPOINT-STOP,7,0.146582,0.000000,21,14860.000000,1193.937500, ===
===,47,CHECKPOINT,7,0.146624,0.013560,21,14860.000000,1193.937500, ===
===,48,ITER,7,0.155068,0.000000,22,14864.000000,1202.445312, ===
===,49,ITER,7,0.157533,0.000000,23,14864.000000,1210.953125, ===
===,50,ITER,7,0.159822,0.000000,24,14864.000000,1219.460938, ===
===,51,ITER,7,0.162671,0.000000,25,14864.000000,1227.968750, ===
===,52,ITER,7,0.165026,0.000000,26,14864.000000,1236.476562, ===
===,53,ITER,7,0.167448,0.000000,27,14864.000000,1244.984375, ===
===,54,ITER,7,0.170213,0.000000,28,14868.000000,1253.492188, ===
===,55,ITER,7,0.172442,0.000000,29,14868.000000,1262.000000, ===
===,56,ITER,7,0.175162,0.000000,30,14868.000000,1270.507812, ===
===,57,COMM-ERROR,7,0.187579,0.000000,30,14888.000000,1279.007812, ===
===,58,ITER,7,0.187652,0.000000,31,14888.000000,1279.015625, ===
===,59,FAILURE-CHECK-START,7,0.187697,0.000000,31,14888.000000,1279.015625, ===
===,60,FAILURE-CHECK-STOP,7,0.188702,0.000000,31,14888.000000,1279.015625, ===
===,61,FAILURE-CHECK,7,0.188743,0.001070,31,14888.000000,1279.015625, ===
===,62,FAILURE-DETECT,7,0.188936,0.000000,31,14888.000000,1279.015625, ===
===,63,RESTORE-START,7,0.192880,0.000000,31,14888.000000,1279.015625, ===
===,64,RESTORE-STOP,7,0.200666,0.000000,31,15072.000000,1864.437500, ===
===,65,RESTORE,7,0.200709,0.007866,31,15072.000000,1864.437500, ===
===,66,CHECKPOINT-START,7,0.200754,0.000000,31,15072.000000,1864.437500, ===
===,67,CHECKPOINT-PRE-NEW,7,0.200795,0.000000,31,15072.000000,255.234375, ===
===,68,CHECKPOINT-POST-NEW,7,0.219373,0.000000,31,16244.000000,1426.078125, ===
===,69,CHECKPOINT-STOP,7,0.219429,0.000000,31,16244.000000,1426.078125, ===
===,70,CHECKPOINT,7,0.219467,0.018738,31,16244.000000,1426.078125, ===
===,71,ITER,7,0.227733,0.000000,22,16400.000000,1434.992188, ===
===,72,ITER,7,0.229569,0.000000,23,16400.000000,1443.906250, ===
===,73,ITER,7,0.231220,0.000000,24,16400.000000,1452.820312, ===
===,74,ITER,7,0.232934,0.000000,25,16400.000000,1461.734375, ===
===,75,ITER,7,0.235673,0.000000,26,16400.000000,1470.648438, ===
===,76,ITER,7,0.237446,0.000000,27,16400.000000,1479.562500, ===
===,77,ITER,7,0.239160,0.000000,28,16400.000000,1488.476562, ===
===,78,ITER,7,0.241153,0.000000,29,16400.000000,1497.390625, ===
===,79,ITER,7,0.243048,0.000000,30,16400.000000,1506.304688, ===
===,80,ITER,7,0.244725,0.000000,31,16400.000000,1515.218750, ===
===,81,FAILURE-CHECK-START,7,0.244772,0.000000,31,16400.000000,1515.218750, ===
===,82,FAILURE-CHECK-STOP,7,0.244972,0.000000,31,16400.000000,1515.218750, ===
===,83,FAILURE-CHECK,7,0.245064,0.000317,31,16400.000000,1515.218750, ===
===,84,CHECKPOINT-START,7,0.245107,0.000000,31,16400.000000,1515.218750, ===
===,85,CHECKPOINT-PRE-NEW,7,0.245143,0.000000,31,16400.000000,344.375000, ===
===,86,CHECKPOINT-POST-NEW,7,0.266141,0.000000,31,18744.000000,1515.218750, ===
===,87,CHECKPOINT-STOP,7,0.266216,0.000000,31,18744.000000,1515.218750, ===
===,88,CHECKPOINT,7,0.266284,0.021203,31,18744.000000,1515.218750, ===
===,89,ITER,7,0.274426,0.000000,32,18744.000000,1524.132812, ===
===,90,ITER,7,0.276267,0.000000,33,18744.000000,1533.046875, ===
===,91,ITER,7,0.278922,0.000000,34,18744.000000,1541.960938, ===
===,92,ITER,7,0.281357,0.000000,35,18744.000000,1550.875000, ===
===,93,ITER,7,0.283984,0.000000,36,18744.000000,1559.789062, ===
===,94,ITER,7,0.286421,0.000000,37,18744.000000,1568.703125, ===
===,95,ITER,7,0.288075,0.000000,38,18744.000000,1577.617188, ===
===,96,ITER,7,0.290659,0.000000,39,18744.000000,1586.531250, ===
===,97,ITER,7,0.293618,0.000000,40,18744.000000,1595.445312, ===
===,98,ITER,7,0.296047,0.000000,41,18744.000000,1604.359375, ===
===,99,FAILURE-CHECK-START,7,0.296097,0.000000,41,18744.000000,1604.359375, ===
===,100,FAILURE-CHECK-STOP,7,0.296741,0.000000,41,18744.000000,1604.359375, ===
===,101,FAILURE-CHECK,7,0.296784,0.000717,41,18744.000000,1604.359375, ===
===,102,CHECKPOINT-START,7,0.296830,0.000000,41,18744.000000,1604.359375, ===
===,103,CHECKPOINT-PRE-NEW,7,0.296866,0.000000,41,18744.000000,433.515625, ===
===,104,CHECKPOINT-POST-NEW,7,0.312125,0.000000,41,19916.000000,1604.359375, ===
===,105,CHECKPOINT-STOP,7,0.312190,0.000000,41,19916.000000,1604.359375, ===
===,106,CHECKPOINT,7,0.312230,0.015423,41,19916.000000,1604.359375, ===
===,107,ITER,7,0.320534,0.000000,42,19916.000000,1613.273438, ===
===,108,ITER,7,0.323327,0.000000,43,19916.000000,1622.187500, ===
===,109,ITER,7,0.326269,0.000000,44,19916.000000,1631.101562, ===
===,110,ITER,7,0.328845,0.000000,45,19916.000000,1640.015625, ===
===,111,ITER,7,0.331611,0.000000,46,19916.000000,1648.929688, ===
===,112,ITER,7,0.334495,0.000000,47,19916.000000,1657.843750, ===
===,113,ITER,7,0.336753,0.000000,48,19916.000000,1666.757812, ===
===,114,ITER,7,0.339008,0.000000,49,19916.000000,1675.671875, ===
===,115,ITER,7,0.341093,0.000000,50,19916.000000,1684.585938, ===
===,116,FINALIZE-START,7,0.343664,0.000000,50,19916.000000,1693.500000, ===
===,117,FINALIZE-STOP,7,0.365447,0.000000,50,17036.000000,1693.500000, ===
===,118,FINALIZE,7,0.365497,0.021871,50,17036.000000,1693.500000, ===
